{
  "apps": [
    {
      "name": "Wechat",
      "script": "app.js",
      "env": {
        "COMMON_VARIABLE": "true"
      },
      "env_production": {
        "NODE_ENV": "production"
      }
    }
  ],
  "deploy": {
    "production": {
      "user": "你的服务器登录用户名",
      "host": ["你的服务器 IP"],
      "port": "你的服务器登录端口",
      "ref": "origin/master",
      "repo": "你的项目 Github 或者其他 Git 仓库地址，如 git@git.oschina.net:somebody/wechat.git",
      "path": "/www/wechat/production",
      "ssh_options": "StrictHostKeyChecking=no",
      "post-deploy": "npm install --registry=https://registry.npm.taobao.org && pm2 startOrRestart ecosystem.json --env production",
      "env": {
        "NODE_ENV": "production"
      }
    }
  }
}